{
  "algorithm": "KNN",
  "timestamp": "20251029_230825",
  "metadata": {
    "config": {
      "algorithm_name": "KNN",
      "param_name": "k",
      "param_values": [
        3,
        5,
        7,
        9,
        11
      ],
      "n_trials": 3,
      "test_size": 0.3,
      "random_state": 42,
      "output_dir": null,
      "additional_params": {
        "weights": "uniform"
      },
      "sklearn_param_name": "n_neighbors",
      "sklearn_additional_params": {
        "weights": "uniform"
      }
    },
    "reml_class": "KNeighborsClassifier",
    "sklearn_class": "KNeighborsClassifier",
    "datasets": [
      "iris",
      "wine",
      "breast_cancer",
      "synthetic_classification",
      "synthetic_binary"
    ],
    "preprocessing": "StandardScaler"
  },
  "results": [
    {
      "dataset": "iris",
      "shape": [
        150,
        4
      ],
      "n_classes": 3,
      "target_names": [
        "setosa",
        "versicolor",
        "virginica"
      ],
      "param_values": {
        "3": {
          "reml": {
            "accuracy": 0.9481481481481482,
            "time": 0.00709231694539388,
            "std_accuracy": 0.02771598064276994,
            "std_time": 0.00014957294698902585
          },
          "sklearn": {
            "accuracy": 0.9481481481481482,
            "time": 0.0011652310689290364,
            "std_accuracy": 0.02771598064276994,
            "std_time": 0.0009238331865206484
          },
          "accuracy_diff": 0.0,
          "speed_ratio": 6.086618469513027
        },
        "5": {
          "reml": {
            "accuracy": 0.9481481481481482,
            "time": 0.007021188735961914,
            "std_accuracy": 0.02771598064276994,
            "std_time": 3.3843683163114527e-05
          },
          "sklearn": {
            "accuracy": 0.9481481481481482,
            "time": 0.00042629241943359375,
            "std_accuracy": 0.02771598064276994,
            "std_time": 2.8849633255207093e-05
          },
          "accuracy_diff": 0.0,
          "speed_ratio": 16.47035794183445
        },
        "7": {
          "reml": {
            "accuracy": 0.9555555555555556,
            "time": 0.006967941919962565,
            "std_accuracy": 0.01814436846506056,
            "std_time": 0.00014762279963568344
          },
          "sklearn": {
            "accuracy": 0.9555555555555556,
            "time": 0.0004936059315999349,
            "std_accuracy": 0.01814436846506056,
            "std_time": 5.843487570323197e-05
          },
          "accuracy_diff": 0.0,
          "speed_ratio": 14.116406375784898
        },
        "9": {
          "reml": {
            "accuracy": 0.9481481481481482,
            "time": 0.007033745447794597,
            "std_accuracy": 0.010475656017578498,
            "std_time": 8.662381301934636e-05
          },
          "sklearn": {
            "accuracy": 0.9481481481481482,
            "time": 0.0004112720489501953,
            "std_accuracy": 0.010475656017578498,
            "std_time": 5.564235389777595e-06
          },
          "accuracy_diff": 0.0,
          "speed_ratio": 17.102415458937198
        },
        "11": {
          "reml": {
            "accuracy": 0.9629629629629629,
            "time": 0.006992499033610026,
            "std_accuracy": 0.010475656017578444,
            "std_time": 0.00011178727138187847
          },
          "sklearn": {
            "accuracy": 0.9629629629629629,
            "time": 0.0004509290059407552,
            "std_accuracy": 0.010475656017578444,
            "std_time": 7.508036223580349e-05
          },
          "accuracy_diff": 0.0,
          "speed_ratio": 15.506873457878042
        }
      },
      "summary": {
        "avg_accuracy_reml": 0.9525925925925927,
        "avg_accuracy_sklearn": 0.9525925925925927,
        "avg_time_reml": 0.0070215384165445965,
        "avg_time_sklearn": 0.0005894660949707031,
        "max_accuracy_diff": 0.0,
        "min_accuracy_diff": 0.0,
        "avg_accuracy_diff": 0.0,
        "speed_ratio": 11.911691743515073
      }
    },
    {
      "dataset": "wine",
      "shape": [
        178,
        13
      ],
      "n_classes": 3,
      "target_names": [
        "class_0",
        "class_1",
        "class_2"
      ],
      "param_values": {
        "3": {
          "reml": {
            "accuracy": 0.9320987654320988,
            "time": 0.009722709655761719,
            "std_accuracy": 0.031475429096251756,
            "std_time": 8.323802336503878e-05
          },
          "sklearn": {
            "accuracy": 0.9320987654320988,
            "time": 0.00043892860412597656,
            "std_accuracy": 0.031475429096251756,
            "std_time": 1.258434602775254e-05
          },
          "accuracy_diff": 0.0,
          "speed_ratio": 22.151004888647474
        },
        "5": {
          "reml": {
            "accuracy": 0.9444444444444445,
            "time": 0.009804964065551758,
            "std_accuracy": 0.0302406141084343,
            "std_time": 9.905730088875456e-05
          },
          "sklearn": {
            "accuracy": 0.9444444444444445,
            "time": 0.0004436969757080078,
            "std_accuracy": 0.0302406141084343,
            "std_time": 2.8008517916728913e-05
          },
          "accuracy_diff": 0.0,
          "speed_ratio": 22.098334228909188
        },
        "7": {
          "reml": {
            "accuracy": 0.9444444444444445,
            "time": 0.009832620620727539,
            "std_accuracy": 0.0302406141084343,
            "std_time": 7.294205923451593e-05
          },
          "sklearn": {
            "accuracy": 0.9444444444444445,
            "time": 0.0004684925079345703,
            "std_accuracy": 0.0302406141084343,
            "std_time": 5.715783984377016e-05
          },
          "accuracy_diff": 0.0,
          "speed_ratio": 20.987786259541984
        },
        "9": {
          "reml": {
            "accuracy": 0.95679012345679,
            "time": 0.010140577952067057,
            "std_accuracy": 0.023096650535641618,
            "std_time": 0.00018667452402919299
          },
          "sklearn": {
            "accuracy": 0.95679012345679,
            "time": 0.0006139278411865234,
            "std_accuracy": 0.023096650535641618,
            "std_time": 6.728502914737251e-05
          },
          "accuracy_diff": 0.0,
          "speed_ratio": 16.51754045307443
        },
        "11": {
          "reml": {
            "accuracy": 0.95679012345679,
            "time": 0.009917974472045898,
            "std_accuracy": 0.008729713347982055,
            "std_time": 4.830433373309736e-05
          },
          "sklearn": {
            "accuracy": 0.95679012345679,
            "time": 0.0005147457122802734,
            "std_accuracy": 0.008729713347982055,
            "std_time": 5.7755393735909516e-05
          },
          "accuracy_diff": 0.0,
          "speed_ratio": 19.26771653543307
        }
      },
      "summary": {
        "avg_accuracy_reml": 0.9469135802469136,
        "avg_accuracy_sklearn": 0.9469135802469136,
        "avg_time_reml": 0.009883769353230794,
        "avg_time_sklearn": 0.0004959583282470703,
        "max_accuracy_diff": 0.0,
        "min_accuracy_diff": 0.0,
        "avg_accuracy_diff": 0.0,
        "speed_ratio": 19.928628657500884
      }
    },
    {
      "dataset": "breast_cancer",
      "shape": [
        569,
        30
      ],
      "n_classes": 2,
      "target_names": [
        "malignant",
        "benign"
      ],
      "param_values": {
        "3": {
          "reml": {
            "accuracy": 0.9590643274853802,
            "time": 0.11108954747517903,
            "std_accuracy": 0.008270254750719828,
            "std_time": 0.008650859385709943
          },
          "sklearn": {
            "accuracy": 0.9590643274853802,
            "time": 0.0063313643137613935,
            "std_accuracy": 0.008270254750719828,